{
  "model_config": {
    "n_topics": 4,
    "max_features": 3000
  },
  "topic_1": {
    "words": [
      "worst",
      "update",
      "bad",
      "developer",
      "option",
      "work",
      "need",
      "crash",
      "developer option",
      "fix",
      "stop",
      "phone",
      "use",
      "ask",
      "properly"
    ],
    "weights": [
      57.104608647982644,
      39.88864145006272,
      38.9478764666317,
      29.164917225561016,
      29.133795950697426,
      25.6914534459269,
      25.16115327403641,
      24.845677907653954,
      23.217099835607605,
      18.269613989813053,
      12.90326098465144,
      12.759251140327756,
      11.57048863863574,
      11.538676439743336,
      11.137029720433755
    ],
    "simplified_coherence": 1.9655648211546997
  },
  "topic_2": {
    "words": [
      "work",
      "transaction",
      "application",
      "time",
      "useless",
      "need",
      "update",
      "developer",
      "use",
      "screenshot",
      "worse",
      "disappoint",
      "unreliable",
      "apps",
      "payment"
    ],
    "weights": [
      57.786765568337735,
      36.5430038586652,
      25.082127929543464,
      23.667247712019414,
      14.442658563672756,
      13.717714882309947,
      13.702880317746782,
      12.975918729830827,
      12.667201003378812,
      12.64556556567017,
      12.365868306270626,
      11.264003533301251,
      10.440234595255061,
      9.970120634998127,
      9.57252273552581
    ],
    "simplified_coherence": 1.4568031048577146
  },
  "topic_3": {
    "words": [
      "poor",
      "send",
      "make",
      "transfer",
      "money",
      "transaction",
      "allow",
      "account",
      "otp",
      "difficult",
      "update",
      "send money",
      "open",
      "say",
      "network"
    ],
    "weights": [
      23.95108409628431,
      15.867462683575356,
      12.92748343996909,
      12.600839195758146,
      11.12031445686374,
      10.825719900800703,
      9.12229956329173,
      8.061418086085844,
      7.896761295060086,
      7.76110382309198,
      7.71678684827489,
      7.695870234293796,
      7.2764196728638275,
      6.81983333235467,
      6.781403633141274
    ],
    "simplified_coherence": 2.3477167914292396
  },
  "topic_4": {
    "words": [
      "problem",
      "time",
      "fix",
      "work",
      "worst",
      "money",
      "transfer",
      "experience",
      "try",
      "error",
      "update",
      "say",
      "load",
      "day",
      "connection"
    ],
    "weights": [
      48.50232615112727,
      38.42676709154972,
      31.952797072894167,
      27.881276068773538,
      26.870815259945093,
      23.56237183744879,
      22.454937185710932,
      19.80742380589493,
      17.931046386716332,
      17.627490303802695,
      16.742920462652343,
      15.42362034766509,
      14.827712453770298,
      14.07536480083891,
      13.40286704242971
    ],
    "simplified_coherence": 2.4061893720840715
  },
  "log_likelihood": -13186.10955826368,
  "n_documents": 499
}